customerId,customerName,customerEmail,customerPassword,customerPhone,rewardPoints,dateCreated
1,Teriann Talbot,ttalbot0@unicef.org,CLj0HFBdO0,95094265,40,15/4/2020 21:39
2,Brook Baudrey,bbaudrey1@livejournal.com,lrT60rOfMXuB,95415011,110,25/4/2020 18:39
3,Ashli Crossfield,acrossfield2@theglobeandmail.com,zFDSdoPjg,95657665,39,4/4/2020 7:12
4,Jada Ussher,jussher3@desdev.cn,DRYZPS,92499446,33,16/4/2020 4:20
5,Dan Brack,dbrack4@economist.com,p0BvJZAwv,91581328,94,4/4/2020 9:20
6,Lorry Sollis,lsollis5@nifty.com,PchUPEzYKcE,95525236,95,4/4/2020 2:45
7,Kennith MacKaig,kmackaig6@ucoz.ru,7nnX5EGCfNLO,90216091,156,15/4/2020 6:38
8,Michail Lawty,mlawty7@lulu.com,61UfQdDd,96803843,197,18/4/2020 17:47
9,Abigale Coucher,acoucher8@wisc.edu,OSBKI5jf6C,98378079,102,20/4/2020 14:52
10,Cathleen Burston,cburston9@istockphoto.com,xoftzxNK,97364640,4,23/4/2020 11:26
11,Adams Tatford,atatforda@mtv.com,W4Qh5o0FTOn,92785839,50,21/4/2020 8:02
12,Joelle Codeman,jcodemanb@xrea.com,Z33gBtMj,92948197,23,11/4/2020 21:16
13,Glory Mc Comb,gmcc@live.com,BBFLZYTC,91735142,195,3/4/2020 10:09
14,Trev De Antoni,tded@illinois.edu,fJgAiWr6yC,90786880,107,24/4/2020 19:47
15,Niko Purcell,npurcelle@redcross.org,6MvWX04,98154733,107,21/4/2020 19:40
16,Donnie Harcombe,dharcombef@elegantthemes.com,Yox8QC41,98146018,106,7/4/2020 1:18
17,Emlyn Gostage,egostageg@phoca.cz,YHeRDIO,93671115,22,2/4/2020 7:47
18,Mattie Baudon,mbaudonh@cam.ac.uk,99iuntEUIcC0,92803506,193,5/4/2020 3:33
19,Kameko Frandsen,kfrandseni@icio.us,lKbcgTD,98615884,54,26/4/2020 7:51
20,Hendrick Tait,htaitj@networksolutions.com,bVDgN15,97670853,46,27/4/2020 21:05
21,Estell Cicero,ecicerok@baidu.com,BuDcQ0,92133589,185,19/4/2020 7:14
22,Ernst Jorin,ejorinl@ask.com,x2Ticlv,93170455,199,7/4/2020 12:51
23,Morrie Rugiero,mrugierom@wordpress.org,WMzUrx,96018563,149,18/4/2020 19:48
24,Alta Vakhrushev,avakhrushevn@samsung.com,foE5mmMMvO1,96551180,12,24/4/2020 15:58
25,Fredi Thistleton,fthistletono@mit.edu,RMoKzYGS3,90499579,33,28/4/2020 4:13
26,Dov Ockwell,dockwellp@indiatimes.com,wrcaDfLWwhI,95197517,185,4/4/2020 6:24
27,Morissa De Freyne,mdeq@wordpress.com,rxsysyC1ktr,91777998,134,3/4/2020 19:54
28,Ashbey Bladesmith,abladesmithr@blogtalkradio.com,AGBR2IgE,95329133,171,29/4/2020 10:46
29,Barry Lovie,blovies@ibm.com,zqCCUh,90168958,108,27/4/2020 19:06
30,Sherline Lembrick,slembrickt@baidu.com,ktVCi9,97100308,3,2/5/2020 20:15
31,Chelsea Laughren,claughrenu@geocities.jp,S4AgZYa3m9ZV,93196279,173,24/5/2020 23:41
32,Ardine Manna,amannav@soup.io,zYacIez3oNM,93459976,2,16/5/2020 16:14
33,Shaine Boyes,sboyesw@amazon.com,GmGA5w,92450281,92,1/5/2020 21:29
34,Gillan Worboys,gworboysx@whitehouse.gov,yLAOs1et2,96009722,44,7/5/2020 14:52
35,Sybille Lambert-Ciorwyn,slambertciorwyny@soup.io,UQ8a4WD,92825313,61,17/5/2020 5:34
36,Xavier Whittlesey,xwhittleseyz@toplist.cz,QIRKKRiPv,92695129,34,20/5/2020 4:32
37,Sam Sutherley,ssutherley10@yelp.com,WMiCRRzw,95599076,106,15/5/2020 20:36
38,Galven Knutsen,gknutsen11@toplist.cz,fjmwyhG5m6Ux,94331810,129,7/5/2020 5:22
39,Jennica Cutriss,jcutriss12@instagram.com,GwHrNJ3axcul,92222382,130,4/5/2020 9:51
40,Gussi Rangle,grangle13@tiny.cc,L28GGjVgrsE,95143917,49,29/5/2020 2:32
41,Mead Gaitskill,mgaitskill14@cpanel.net,hEVHYPx,92303977,196,19/5/2020 18:07
42,Sacha Skelhorne,sskelhorne15@fda.gov,RjVfcBcEDdS,97006888,29,21/5/2020 1:01
43,Ringo Gladbach,rgladbach16@a8.net,UwzvYc,91450393,198,25/5/2020 12:33
44,Naomi Peachment,npeachment17@cmu.edu,6JUZ4qUV4z,97715256,113,7/5/2020 14:25
45,Giulietta Tarply,gtarply18@ft.com,v621rhvDVp,93048267,108,30/5/2020 22:05
46,Lawry Vel,lvel19@omniture.com,BWsl29tId7,90316178,76,1/5/2020 13:47
47,Gretel Guerriero,gguerriero1a@is.gd,msrtHnlz,96180602,187,25/5/2020 22:09
48,Celestine Champerlen,cchamperlen1b@chicagotribune.com,3gmUfTcfakP7,97306108,49,2/5/2020 11:55
49,Margaretha Guiraud,mguiraud1c@woothemes.com,KfN2chLom,92219521,57,14/5/2020 20:56
50,Erda Daintrey,edaintrey1d@dailymail.co.uk,KteWBxd5cf3,91944194,33,21/5/2020 11:00
51,Maggy Kippin,mkippin1e@about.me,m1gvABrQ,96515963,136,26/5/2020 7:35
52,Che Finding,cfinding1f@auda.org.au,rBIGeGX,98054608,29,21/5/2020 7:53
53,Truman Moubray,tmoubray1g@time.com,85k74s2qQ,97205090,4,14/5/2020 19:18
54,Kim Morin,kmorin1h@cdbaby.com,NP9cgbj4d,90083987,190,16/5/2020 17:22
55,Berkie Visick,bvisick1i@blinklist.com,AXXNCP,98615459,100,15/5/2020 16:45
56,Mame Phillot,mphillot1j@drupal.org,5yfn6PbyRU2,93392570,50,4/5/2020 3:15
57,Gale Elnaugh,gelnaugh1k@t.co,MGh0VKEz,91543872,35,14/5/2020 20:31
58,Prissie Rudsdale,prudsdale1l@chicagotribune.com,PxwrFu5jP,95159517,80,19/5/2020 11:58
59,Vevay Reaper,vreaper1m@army.mil,07FZAlnG72,98998807,178,9/5/2020 15:23
60,Mack Aspy,maspy1n@aboutads.info,JqosDTtCMLc,97909950,25,22/5/2020 16:10
61,Daryle Hundey,dhundey1o@nytimes.com,tb7Nx2h2R3e,97409628,161,19/5/2020 10:40
62,Shanan Pfeffel,spfeffel1p@epa.gov,Lno9v4caeP,98494654,18,18/5/2020 10:48
63,Lynelle Bayldon,lbayldon1q@w3.org,ZMTtNvBJjkz,95149591,60,14/5/2020 8:33
64,Ugo Moakson,umoakson1r@ft.com,GubumCTyzlc,92150379,193,7/5/2020 11:06
65,Christin Ryce,cryce1s@issuu.com,YsrSrDl51B2,96032572,181,11/5/2020 5:39
66,Thaddeus Dossantos,tdossantos1t@google.de,omHRaf,96809599,151,18/5/2020 3:00
67,Kellie McCurlye,kmccurlye1u@soup.io,PM2dkSi,96069443,97,4/5/2020 15:45
68,Hillard Cassam,hcassam1v@stanford.edu,qoKzLfP5dgGR,91964401,157,15/5/2020 6:23
69,Benedick Firidolfi,bfiridolfi1w@ihg.com,cM8hAf20UT,90985964,164,18/5/2020 5:17
70,Clyve MacMaster,cmacmaster1x@hp.com,NylUP9BYp2wc,95717739,192,10/5/2020 19:33
71,Kristyn Sellars,ksellars1y@bluehost.com,a0QQ32diWHc,94907696,41,4/5/2020 14:20
72,Dominick Durnell,ddurnell1z@businessweek.com,7l373XMEbA,93068324,125,12/5/2020 19:34
73,Valle Scougal,vscougal20@engadget.com,rO2UcxaMv7,96578194,43,14/5/2020 0:19
74,Xenos Bunstone,xbunstone21@chicagotribune.com,SX0V4Dn9R,92198677,176,8/5/2020 15:12
75,Cathrin Batten,cbatten22@unblog.fr,0Y81tAb7KRm,96641151,54,20/5/2020 3:57
76,Elwood Clements,eclements23@yellowbook.com,YQoSU22b,93546810,158,14/5/2020 13:04
77,Goddard MacIntyre,gmacintyre24@gnu.org,dYmmR5I68,97303051,199,15/5/2020 22:37
78,Stafani Gian,sgian25@behance.net,5tQbqk,98411826,13,7/5/2020 8:54
79,Xerxes Harsnipe,xharsnipe26@walmart.com,0ojEPU73,96595124,94,1/5/2020 11:45
80,Amory Shenley,ashenley27@wufoo.com,1OC5UDx9o,97825083,177,26/5/2020 3:45
81,Hermie Probetts,hprobetts28@elpais.com,htFYxr3fBI,94693819,145,8/5/2020 4:52
82,Flem Poulsom,fpoulsom29@utexas.edu,xcK5Sl1lNh,97707826,157,20/5/2020 7:03
83,Lucius Gelderd,lgelderd2a@psu.edu,zILpHTJ,97611873,79,2/5/2020 20:08
84,Hali MacConnulty,hmacconnulty2b@networkadvertising.org,16TJXXV,94538728,96,22/5/2020 23:02
85,Rolph Hayesman,rhayesman2c@constantcontact.com,iCanmFHu,90781139,83,18/5/2020 1:09
86,Marnia Everingham,meveringham2d@ning.com,jXfJHZ99,96124985,122,3/5/2020 7:49
87,Monica Carverhill,mcarverhill2e@cisco.com,igVnzpw,98407312,34,28/5/2020 17:56
88,Felita Blewis,fblewis2f@bizjournals.com,XK7ZdSUSvGob,95766246,188,21/5/2020 21:55
89,Cindie Hackett,chackett2g@tinypic.com,e3OubjxQ4S8,95789603,146,13/5/2020 16:27
90,Gilburt Bachura,gbachura2h@sakura.ne.jp,lb59kbxjFGUQ,95933653,149,12/5/2020 2:49
91,Lee Kimblen,lkimblen2i@answers.com,0dEfk4,93790787,58,22/5/2020 7:35
92,Katine McKew,kmckew2j@nasa.gov,nVbTVEMDqHs,95786276,194,4/5/2020 23:00
93,Babs Bursnoll,bbursnoll2k@hhs.gov,nZq7Yd,91904013,109,6/5/2020 14:08
94,Faber Weekly,fweekly2l@diigo.com,S2xRgGD3C,98801441,98,2/5/2020 9:59
95,Blair Easterby,beasterby2m@t-online.de,UqY8xrcenXD,91385064,100,7/5/2020 12:01
96,Sylvan Woltering,swoltering2n@seattletimes.com,Rx6S2jxA,97023471,14,19/5/2020 19:47
97,Corrinne Schimonek,cschimonek2o@huffingtonpost.com,4kQ3U8MOmu,94533556,44,16/5/2020 8:37
98,Hartley Skettles,hskettles2p@whitehouse.gov,MwK8eO,92510155,131,9/5/2020 4:19
99,Tresa Jeffs,tjeffs2q@a8.net,X2rucd,97217541,144,1/5/2020 8:19
100,Mendie Havelin,mhavelin2r@chronoengine.com,Z7IcJgzxyLeq,92300000,179,28/5/2020 19:19
101,Diahann Gaydon,dgaydon0@vkontakte.ru,Ue5oN764AyG,97864987,102,28/5/2020 12:04
102,Amandy Hatton,ahatton1@jugem.jp,jTo1k478,94250375,145,18/5/2020 23:40
103,Gery Jurn,gjurn2@linkedin.com,kad0Bvcd4R5P,97573696,110,27/5/2020 21:44
104,Grantham Stokey,gstokey3@vinaora.com,K1XUrsmVu18,96521506,46,18/5/2020 15:20
105,Jinny Sallan,jsallan4@dailymotion.com,I3yUCW94Q,97958974,179,3/5/2020 1:58
106,Lonnard McBrier,lmcbrier5@economist.com,nlaaX9BCUA,91667247,192,12/5/2020 4:51
107,Arlie Heaffey,aheaffey6@scientificamerican.com,YODtr1PbT,92200819,114,24/5/2020 20:19
108,Aguistin Twohig,atwohig7@about.me,TCyd4z,91192500,141,2/5/2020 10:07
109,Fidel Sizland,fsizland8@statcounter.com,eXMpgYNSOo3M,95962481,151,15/5/2020 16:09
110,Blinny Stevani,bstevani9@com.com,IBDGhXOZoEH,97594880,178,7/5/2020 4:10
111,Jan Francom,jfrancoma@oracle.com,e1Lrt7f0POnW,90596671,70,15/5/2020 7:46
112,Cacilia Idill,cidillb@spotify.com,TIa25jfTj5m,90857443,194,3/5/2020 1:54
113,Tobias Wheelband,twheelbandc@washington.edu,f40qamd7yBl,90928377,125,3/5/2020 21:25
114,Peadar Rogerot,progerotd@chronoengine.com,5GWQJSt,94820568,184,30/5/2020 2:04
115,Trude Houlworth,thoulworthe@creativecommons.org,8T59hqL,98373157,59,24/5/2020 15:01
116,Horton Olekhov,holekhovf@bbc.co.uk,W0bVklH9Ko,93518016,89,20/5/2020 19:48
117,Ezmeralda La Padula,elag@aboutads.info,8FsjI7btLmL9,97177330,166,4/5/2020 17:18
118,Wilmette Fortnam,wfortnamh@icio.us,GP3QrqiUtGw,97055610,66,28/5/2020 21:50
119,Lotti Kelledy,lkelledyi@noaa.gov,JbqUCS485ip,90885819,111,6/5/2020 22:54
120,Val Essel,vesselj@topsy.com,YBnRYG,90102080,21,21/5/2020 8:53
121,Worden Finney,wfinneyk@tumblr.com,OzmKJngN,97064498,56,12/5/2020 23:05
122,Marianne Selwyn,mselwynl@bizjournals.com,kEqJ2Qen,95044824,77,16/5/2020 4:31
123,Nikos Stede,nstedem@cbsnews.com,zOplsYX0v2ZS,92333790,135,10/5/2020 8:39
124,Bebe Petre,bpetren@shop-pro.jp,S92tijldqq,92259070,29,4/5/2020 8:34
125,Felicia Eynaud,feynaudo@blogs.com,AjxlBByRg,97266182,144,5/5/2020 18:47
126,Delphinia Sumshon,dsumshonp@printfriendly.com,rku1sdY5,95197847,126,28/5/2020 11:36
127,Norine Hancill,nhancillq@wiley.com,IpXvxgL,90157712,197,5/5/2020 22:12
128,Prescott Gummer,pgummerr@msn.com,raBtQtHnNxR9,97684070,18,20/5/2020 5:23
129,Dollie Deam,ddeams@businessinsider.com,b4PfpJmmcyt7,92833810,17,2/5/2020 4:55
130,Beaufort Rowett,browettt@networkadvertising.org,DG8IADL3Gx,93170617,111,22/5/2020 1:15
131,Francisca Gosswell,fgosswellu@narod.ru,QeycgFZj,93215534,72,5/5/2020 5:35
132,Vallie Butchart,vbutchartv@barnesandnoble.com,x1WBVv1j,95227173,175,17/5/2020 1:43
133,Georgette Playdon,gplaydonw@blogtalkradio.com,cndNduOpH5Zj,91108070,120,12/5/2020 18:23
134,Shane Misselbrook,smisselbrookx@mozilla.org,Dw5Jl69hs1es,92179340,15,8/5/2020 16:43
135,Molly Pierrepont,mpierreponty@sun.com,U41LUs,98467769,41,20/5/2020 9:25
136,Sibley Hertwell,shertwellz@google.fr,wmILrtSztLg,91319218,187,17/5/2020 0:47
137,Adeline Maccari,amaccari10@hc360.com,3cO7Nm8a,95406637,52,6/5/2020 6:32
138,Ave Diano,adiano11@wisc.edu,Qjxngd3l,90955895,186,2/5/2020 4:22
139,Janie Crevy,jcrevy12@samsung.com,QqFAsQzKn2Au,97280615,186,18/5/2020 9:13
140,Cristian Kiln,ckiln13@imageshack.us,RnKJoReFCHe,97490036,42,12/5/2020 15:33
141,Sauncho Crummy,scrummy14@digg.com,HEM1v5C,98686379,58,16/5/2020 6:37
142,Bettina Mallinar,bmallinar15@mail.ru,1wKzXIE,97447289,147,23/5/2020 15:29
143,Clio Montes,cmontes16@blogger.com,s880JF,97279108,182,19/5/2020 7:23
144,Holly Beeswing,hbeeswing17@ebay.com,uMKNiuRGCa,95140625,9,30/5/2020 9:15
145,Mic Franses,mfranses18@macromedia.com,KtWzRRdtxWLe,93641122,180,10/5/2020 16:14
146,Giff Pincked,gpincked19@nps.gov,4Trp8w7,96729107,137,10/5/2020 9:02
147,Brana Pratten,bpratten1a@360.cn,B463jO,93835441,178,4/5/2020 23:13
148,Reider Spiers,rspiers1b@homestead.com,6kftnI,98693102,56,30/5/2020 15:53
149,Osborn Haffard,ohaffard1c@seattletimes.com,rHyGHyO,94367496,3,27/5/2020 12:37
150,Marc Kieran,mkieran1d@kickstarter.com,92JD0UKwUlZ,94431442,116,8/5/2020 1:17
151,Danika Longhorne,dlonghorne1e@ocn.ne.jp,Zkd4VdWwzE2Y,95228482,144,17/5/2020 0:59
152,Giffer Acome,gacome1f@forbes.com,uPCUgW,94845234,87,28/5/2020 18:09
153,Gay Bilney,gbilney1g@ebay.co.uk,JMDQ39k,96148163,74,8/5/2020 19:37
154,Antoine Johnston,ajohnston1h@ucoz.ru,ba94MPK,98881078,150,7/5/2020 19:39
155,Hakeem Osband,hosband1i@blog.com,7HRdzf,92978210,12,8/5/2020 8:06
156,Roze Pyett,rpyett1j@cloudflare.com,Km7QxJCDzG1l,95006987,58,11/5/2020 16:14
157,Eda Wilmut,ewilmut1k@wisc.edu,ifOX8ULWXCO,97581068,88,19/5/2020 9:54
158,Davidde Benford,dbenford1l@jigsy.com,VRg8jYDgxa,91035460,67,29/5/2020 8:59
159,Olivier Tapton,otapton1m@wiley.com,0iVts9,97468559,152,16/5/2020 4:55
160,Sydel Dearle,sdearle1n@sakura.ne.jp,jQgIPP,95406452,73,13/6/2020 4:05
161,Sloan Calley,scalley1o@engadget.com,1vAuODK,97693332,29,14/6/2020 3:55
162,Vernen Stendell,vstendell1p@people.com.cn,C4xmHS6MiOey,96295122,171,16/6/2020 7:25
163,Patty Halgarth,phalgarth1q@simplemachines.org,RYAzpYHvNTd,90478986,182,25/6/2020 1:10
164,Alex Issatt,aissatt1r@illinois.edu,xoSZbs0,92045981,152,23/6/2020 23:35
165,Milka Treat,mtreat1s@booking.com,mEGS3p0smKn9,97461465,166,2/6/2020 5:19
166,Shani Eakeley,seakeley1t@sitemeter.com,0pZKyT8Xnwu,98787723,74,4/6/2020 12:24
167,Adamo Squelch,asquelch1u@de.vu,SeidWci,98730698,23,21/6/2020 20:29
168,Kenn Asbery,kasbery1v@smugmug.com,SIDG4RjhBkS9,90940662,35,16/6/2020 5:33
169,Kerrin Linsley,klinsley1w@usa.gov,FNQ6BDSPtI6N,97170240,94,18/6/2020 19:07
170,Emili Wykes,ewykes1x@people.com.cn,L8zj529iM35u,93295569,147,14/6/2020 18:35
171,Silvano Clere,sclere1y@ucla.edu,rOSF9gozYqf,96028204,79,25/6/2020 10:57
172,Cletis Barkworth,cbarkworth1z@cnn.com,DOkFow0vTBkk,97659688,132,15/6/2020 10:04
173,Hedi Scotts,hscotts20@yahoo.com,EiPmZqSTJR,94433176,52,27/6/2020 18:58
174,Doloritas Pengelly,dpengelly21@blogger.com,LIFTjmwkXVu,94687502,74,29/6/2020 1:23
175,Dennie Giff,dgiff22@cnbc.com,DIJ99oNadv,95228371,141,18/6/2020 22:15
176,Carlen Isselee,cisselee23@examiner.com,oDtyTjD,94055878,95,5/6/2020 10:57
177,Rebe Roze,rroze24@illinois.edu,fWZjMMl,93617346,117,28/6/2020 16:37
178,Mable Phette,mphette25@free.fr,f69ewjMrWl,98320791,157,20/6/2020 21:25
179,Genevieve Ayliff,gayliff26@flickr.com,sGGyH4,98888612,96,29/6/2020 16:54
180,Lenore Kristoffersson,lkristoffersson27@blogger.com,bpDJpnh,98080614,124,19/6/2020 3:43
181,Donavon Brusle,dbrusle28@dmoz.org,Gn6CRle83M,91875868,10,5/6/2020 8:16
182,Dinah Scotchmur,dscotchmur29@ning.com,YBWRaolarG9M,90524333,98,18/6/2020 0:39
183,Burch Lippo,blippo2a@auda.org.au,yJUv8v,91122964,178,12/6/2020 22:10
184,Luz Thurstan,lthurstan2b@paginegialle.it,8HIVoD4ep9,94084801,48,10/6/2020 1:16
185,Ann Lockhead,alockhead2c@elegantthemes.com,xOMx8VjGLGP5,90683382,149,24/6/2020 9:33
186,Armando Duckhouse,aduckhouse2d@geocities.com,6FyzCo3,95005285,44,27/6/2020 4:42
187,Peadar Meron,pmeron2e@paypal.com,lp60uXiGeMy,96712353,82,19/6/2020 10:06
188,Elisha Gindghill,egindghill2f@weather.com,JE1BCUP,97929847,168,7/6/2020 4:41
189,Lyndsie Stanmer,lstanmer2g@census.gov,83uhcPaqCeD,95494059,30,6/6/2020 2:45
190,Joe Impy,jimpy2h@uol.com.br,7qAgZNNlb,92227580,178,29/6/2020 10:01
191,Moselle Randell,mrandell2i@123-reg.co.uk,aKtT3t,90121629,51,21/6/2020 20:31
192,Merrick Stoggles,mstoggles2j@canalblog.com,IdXybbOXB,98557534,84,1/6/2020 3:13
193,Sula Swadling,sswadling2k@techcrunch.com,xlzooa7,96636211,83,26/6/2020 21:35
194,Anderson Younge,ayounge2l@tuttocitta.it,dFaUj3Tv37WD,94606013,56,23/6/2020 19:33
195,Darbie Essel,dessel2m@people.com.cn,tQcGFl,97126487,176,11/6/2020 17:52
196,Evelina Suero,esuero2n@parallels.com,6SIj35rF0a,97558952,87,12/6/2020 3:53
197,Janeen Troman,jtroman2o@storify.com,Vjxg5TAk,92254765,163,25/6/2020 1:22
198,Torry Bexley,tbexley2p@bizjournals.com,s9h7lrf6mf,94728268,167,6/6/2020 13:49
199,Heather Cardno,hcardno2q@ca.gov,qZbw83R8kvcd,93532045,19,23/6/2020 13:29
200,Shayne Hamnett,shamnett2r@comsenz.com,KhSj7edia,98710190,180,14/6/2020 4:14
201,Kory Derisly,kderisly0@geocities.com,hQ7S7bsDlKe,91032325,98,18/6/2020 15:01
202,Trumann Wein,twein1@skype.com,vHkSzePjR,91750556,46,20/6/2020 4:01
203,Cinderella Tetford,ctetford2@nationalgeographic.com,tiD85u,96611347,96,23/6/2020 22:17
204,Aila Mackriell,amackriell3@businessweek.com,L6q7QcCk,93755079,57,18/6/2020 2:28
205,Gaynor Felderer,gfelderer4@pcworld.com,h9E6HR,98285766,100,29/6/2020 2:53
206,Bobby Milton,bmilton5@foxnews.com,IASRfn,95372904,19,14/6/2020 20:34
207,Susette Dieton,sdieton6@pbs.org,06slSakBiwT,95812513,188,22/6/2020 5:50
208,Debbie Braga,dbraga7@webmd.com,pJPWyAC,92960525,92,9/6/2020 22:27
209,Aleksandr Annett,aannett8@printfriendly.com,WriFCDaJL1G,92327337,175,2/6/2020 0:11
210,Ollie Canning,ocanning9@opensource.org,Oovsjy,90966100,179,29/6/2020 18:21
211,Burch Eastbury,beastburya@time.com,2GOPQH7pe,91062027,87,19/6/2020 1:10
212,Reese Adamovitz,radamovitzb@drupal.org,KfOt1Uq4Q6lX,95183960,160,9/6/2020 17:39
213,Serene McKirton,smckirtonc@cnet.com,rzLd6ULpsZ6Y,97836177,140,27/6/2020 13:48
214,Angelle Proschek,aproschekd@nature.com,E9KUpmogSmms,98377104,113,17/6/2020 9:02
215,Roslyn Bogart,rbogarte@addtoany.com,sm6pPk,92723749,55,13/6/2020 14:28
216,Kylie Derdes,kderdesf@unc.edu,Sxo7ZR595u,95648425,51,4/6/2020 0:03
217,Marcia Faustin,mfausting@mediafire.com,LgniPG70b,91858287,3,25/6/2020 21:34
218,Delbert Grigorio,dgrigorioh@about.com,XJhO4kctgYZG,98388858,88,13/6/2020 17:09
219,Annadiana Davenhill,adavenhilli@ihg.com,XZ1fcIBAZ8G,96875147,194,29/6/2020 0:13
220,Demetri Lohoar,dlohoarj@trellian.com,XqqruWW,95195071,150,21/6/2020 23:51
221,Hart Boarleyson,hboarleysonk@buzzfeed.com,MhhQO9wpNpv,96324214,121,14/6/2020 2:22
222,Golda Shelliday,gshellidayl@spotify.com,D6cvS5dEKa,97904922,194,6/6/2020 20:47
223,Indira Schwieso,ischwiesom@columbia.edu,h492vRsAni,95423604,149,14/6/2020 19:07
224,Nerti Leverentz,nleverentzn@lulu.com,dgHaFDyz,90758704,154,11/6/2020 17:07
225,Adlai Neilands,aneilandso@addthis.com,C6INxV7,98191912,96,14/6/2020 5:40
226,Donny Mully,dmullyp@themeforest.net,9QXAHoWhzMyd,95450599,26,12/6/2020 11:03
227,Kirsteni Stubbington,kstubbingtonq@princeton.edu,J5Xg74qTAII,96725281,19,12/6/2020 20:32
228,Matteo Parmenter,mparmenterr@princeton.edu,wAl7tUsPwwA,90281858,16,28/6/2020 18:29
229,Allegra Monan,amonans@hp.com,zIKjsL6,95948546,161,3/6/2020 9:02
230,Maxie Stainson,mstainsont@hostgator.com,wcv7Ge2,91441090,137,21/6/2020 15:21
231,Brendin Totterdell,btotterdellu@cdbaby.com,lKw0MqtA,97747329,152,3/6/2020 4:28
232,Emilia Bothbie,ebothbiev@baidu.com,eaixnFX2,96887288,72,12/6/2020 20:21
233,Anthiathia Piolli,apiolliw@dagondesign.com,1Jtptmb,95879786,1,12/6/2020 12:30
234,Bartholomeus Gurling,bgurlingx@nyu.edu,TI9k40MuhRgl,90197783,172,26/6/2020 10:24
235,Pen Haydock,phaydocky@uiuc.edu,erdt9Jb,92433412,14,20/6/2020 12:12
236,Petey Casini,pcasiniz@cornell.edu,1n1IMKqJVym,94255349,92,21/6/2020 10:07
237,Helaina Norree,hnorree10@flavors.me,LQqFXtaSOIeP,96880834,103,3/6/2020 12:50
238,Sheba Streeter,sstreeter11@ezinearticles.com,9lHtjzFqg5Q,90565426,10,4/6/2020 16:13
239,Guinna Alexsandrov,galexsandrov12@people.com.cn,fxpu5y,94773734,102,12/6/2020 9:34
240,Trudi Oxx,toxx13@statcounter.com,2DWhkAtL,95171808,61,20/6/2020 17:58
241,Gennifer Mines,gmines14@clickbank.net,SqrVEZt,92968724,6,7/6/2020 0:39
242,Lea Bignal,lbignal15@desdev.cn,moN7QRLgoq,91510203,99,23/6/2020 22:16
243,Pansie Dallimare,pdallimare16@hp.com,RcX4rqv,97549281,112,6/6/2020 1:31
244,Dillon Govier,dgovier17@diigo.com,G5J96by,96466632,4,17/6/2020 14:01
245,Godiva Zecchetti,gzecchetti18@craigslist.org,B2J1goiVW,97208247,91,15/6/2020 3:01
246,Delinda Pringley,dpringley19@about.com,OJ4cG29,97557821,140,5/6/2020 11:58
247,Ripley Raylton,rraylton1a@ted.com,pUZ9K4,98426036,115,12/6/2020 19:03
248,Donovan Mosdill,dmosdill1b@phoca.cz,UUaF3XDex9,96598388,196,18/6/2020 16:07
249,Cathe Livesay,clivesay1c@wisc.edu,O6hnEGOwTIxv,97381598,33,11/6/2020 19:35
250,Arther Euesden,aeuesden1d@feedburner.com,MKUBcvZ,97194556,74,15/6/2020 9:35
251,Cristian Rapps,crapps1e@moonfruit.com,OxCYW8i28s,94718646,1,17/6/2020 1:14
252,Arther Le Surf,ale1f@gizmodo.com,iJwfh9Jvj,97163881,124,27/6/2020 3:32
253,Thaxter Carletti,tcarletti1g@webmd.com,ouK7t5Opu,96148141,162,6/6/2020 12:05
254,Ceil Suddell,csuddell1h@vk.com,fmZe27,94675499,6,6/6/2020 9:49
255,Sherilyn Melmeth,smelmeth1i@ask.com,T9GRL5c,93795724,14,25/6/2020 2:23
256,Vince Waghorne,vwaghorne1j@epa.gov,9jpenAZoH5Z,93540131,143,1/6/2020 18:59
257,Locke Petworth,lpetworth1k@last.fm,f2pnCpg,95361374,103,26/6/2020 19:40
258,Angus Muggleston,amuggleston1l@naver.com,oWPnLV6av,92713496,24,25/6/2020 8:58
259,Stevie Slocombe,sslocombe1m@wired.com,wOPa9Vl8Mqw,95697609,15,12/6/2020 5:00
260,Gaelan Jennaway,gjennaway1n@oakley.com,hicKzISU4mi,96614209,161,14/6/2020 11:42
261,Broderic Morhall,bmorhall1o@is.gd,a00c6R3UR9,96825624,60,7/6/2020 20:18
262,Ingeberg Wingham,iwingham1p@live.com,YCYmoq0QP21,90687922,122,10/6/2020 6:00
263,Tedda Burford,tburford1q@rambler.ru,ErC2iogmg,96304961,194,4/6/2020 17:47
264,Harcourt Pedlow,hpedlow1r@ucsd.edu,rilhe9,94677425,125,27/6/2020 7:47
265,Chloe Treece,ctreece1s@unesco.org,xiiiFyQL,93446513,137,4/6/2020 14:21
266,Vanya Beamond,vbeamond1t@de.vu,ho1HQWDOS7,92837013,117,24/6/2020 4:23
267,Andy Pouton,apouton1u@wikispaces.com,gJomxpeGbs,95440820,43,13/6/2020 19:49
268,Phaidra Scrooby,pscrooby1v@sbwire.com,9PYHFAcKK,93366231,155,9/6/2020 23:29
269,Phillida Sample,psample1w@chronoengine.com,sfNLUrnzH,97946122,178,8/6/2020 14:49
270,Edlin Johnys,ejohnys1x@yellowpages.com,rwzvfub7z,96785330,155,12/6/2020 6:10
271,Demott Lehrian,dlehrian1y@yellowpages.com,GOD18Mjvg,94270470,96,10/6/2020 2:01
272,Pierrette Vanini,pvanini1z@comcast.net,Bhf5bX,91709601,8,25/6/2020 10:11
273,Victor Whalebelly,vwhalebelly20@google.ru,mRJtc8xXUi3s,95842394,134,20/6/2020 3:20
274,Bartel Buxey,bbuxey21@cargocollective.com,3WKrgJnd9r48,98341592,175,21/6/2020 7:34
275,Yule Jeacock,yjeacock22@redcross.org,3DThcvawo,96943645,190,23/6/2020 5:51
276,Dionis Attenbarrow,dattenbarrow23@hostgator.com,9eZlyOEojV,93699688,84,28/6/2020 10:44
277,Rosana Tilliard,rtilliard24@nsw.gov.au,vqHHDN0kz,98274476,163,29/6/2020 10:02
278,Karon Sweeting,ksweeting25@so-net.ne.jp,Pjw0vRA,96366302,120,15/6/2020 21:09
279,Jeddy Blandford,jblandford26@about.me,BvUI0jb98CKb,95643043,111,10/6/2020 23:32
280,Tori Lermouth,tlermouth27@webeden.co.uk,PqRTbbhHjvKk,97204581,62,27/6/2020 2:37
281,Briggs Memmory,bmemmory28@dropbox.com,HUZHgFUV9,90278829,106,23/6/2020 5:05
282,Rutherford Tume,rtume29@wsj.com,pCCpv4,92929752,134,13/6/2020 6:57
283,Efren Azema,eazema2a@hostgator.com,varOTA,95036390,157,26/6/2020 14:47
284,Lorrie Larkby,llarkby2b@guardian.co.uk,dM3UlOJzbE1U,93436687,80,8/6/2020 9:15
285,Jordan Elsip,jelsip2c@google.es,N6ElykkVOw,93418399,105,20/6/2020 13:07
286,Shandeigh Brockie,sbrockie2d@youtu.be,qJNjoqS7q4,97774838,48,1/6/2020 15:58
287,Jayme Fields,jfields2e@cpanel.net,2eV838jxdzrf,92151582,16,6/6/2020 16:57
288,Sanderson Buckel,sbuckel2f@hp.com,08b7n7Z2f9R,93162084,153,29/6/2020 4:25
289,Julia Griswood,jgriswood2g@topsy.com,oNd3L4LD9xf,94006219,57,18/6/2020 10:38
290,Johanna Dudman,jdudman2h@wikia.com,xRKYvYynASP,94764122,112,24/6/2020 17:28
291,Magdalene Stubbert,mstubbert2i@statcounter.com,GToFm8sh7D,96463563,171,18/6/2020 19:35
292,Eddy Klauber,eklauber2j@tripadvisor.com,MnHwbxt,97302324,148,21/6/2020 22:09
293,Kenneth Targett,ktargett2k@plala.or.jp,gPgfAylhI,90539292,176,27/6/2020 10:14
294,Don Giercke,dgiercke2l@wp.com,Sd0rgQnUq,94715781,120,14/6/2020 22:23
295,Ivory Redgrave,iredgrave2m@reuters.com,JtSRrcb8BRA,91934001,195,17/6/2020 9:43
296,Marc Cockland,mcockland2n@multiply.com,7WlHsu9L,94551453,120,24/6/2020 2:48
297,Doyle Smallpiece,dsmallpiece2o@newsvine.com,uqb1VZ9fSXQ,91541765,47,17/6/2020 13:19
298,Wren Shailer,wshailer2p@baidu.com,KMliyh,92291393,57,5/6/2020 14:15
299,Barrie Codrington,bcodrington2q@unblog.fr,gL4pC9JhnNMy,96202745,154,5/6/2020 8:20
300,Melvyn McQuaid,mmcquaid2r@sitemeter.com,eAs7sDl,95113204,44,6/6/2020 13:04
,,,,,,
,,,,,,
,,,,,,
,,,,,,
,,,,,,
,,,,,,
,,,,,,
,,,,,,
,,,,,,
,,,,,,
,,,,,,
,,,,,,
,,,,,,
,,,,,,
,,,,,,
,,,,,,
,,,,,,
,,,,,,
,,,,,,
,,,,,,
,,,,,,
,,,,,,
,,,,,,
,,,,,,
,,,,,,
,,,,,,
,,,,,,
,,,,,,
,,,,,,
,,,,,,
,,,,,,
,,,,,,
,,,,,,
,,,,,,
,,,,,,
,,,,,,
,,,,,,
,,,,,,
,,,,,,
,,,,,,
,,,,,,
,,,,,,
,,,,,,
,,,,,,
,,,,,,
,,,,,,
,,,,,,
,,,,,,
,,,,,,
,,,,,,
,,,,,,
,,,,,,
,,,,,,
,,,,,,
,,,,,,
,,,,,,
,,,,,,
,,,,,,
,,,,,,
,,,,,,
,,,,,,
,,,,,,
,,,,,,
,,,,,,
,,,,,,
,,,,,,
,,,,,,
,,,,,,
,,,,,,
